ClusterID,NumPixel,AvgSimilarity, AvgR,AvgG,AvgB
1,6986,0.9871,38,47,26
2,97,0.9834,82,92,82
3,2,0.9876,93,99,90
4,7,1.0000,96,101,93
5,4,1.0000,86,91,87
6,4,1.0000,67,74,84
7,6,0.9778,15,31,23
8,5,0.9819,21,33,27
9,3,1.0000,11,20,15
12,5,0.5000,85,92,61
13,4,0.9869,86,93,60
14,3,0.9904,85,93,55
15,4,0.9949,79,88,46
16,9,0.4942,83,85,55
17,2,0.9651,88,88,55
19,4,0.6667,92,101,73
20,2,1.0000,95,104,73
21,3,1.0000,91,101,67
22,2,1.0000,96,106,70
24,0,0.0000,0,0,0
25,5,0.0000,88,99,61
28,9,0.7362,83,89,47
31,4,0.6522,84,92,35
35,3,1.0000,100,108,84
36,2,1.0000,103,112,85
37,3,1.0000,97,106,76
38,3,0.5000,103,113,80
41,3,0.0000,99,109,76
44,11,0.9735,86,93,49
45,3,0.9898,92,98,42
46,2,0.9692,89,94,40
47,8,0.9934,82,91,38
49,5,0.4820,91,93,69
53,2,0.0000,107,113,92
54,5,0.7500,114,123,104
56,3,1.0000,107,117,93
57,5,0.2500,112,123,95
62,7,0.6523,93,103,73
65,3,0.0000,94,103,58
67,13,0.9775,95,99,46
68,19,0.9909,87,93,44
69,3,0.9695,71,80,55
70,4,0.9863,76,82,58
73,2,0.9749,94,100,83
79,0,0.0000,0,0,0
80,7,0.4954,134,144,129
82,3,1.0000,127,138,121
83,5,0.4920,131,143,122
87,0,0.0000,0,0,0
88,8,0.1429,111,123,101
96,0,0.0000,0,0,0
97,1,0.0000,103,106,59
98,19,0.9880,92,96,49
102,4,0.6639,85,93,72
103,2,0.0000,89,95,77
104,6,0.0000,105,110,96
105,0,0.0000,0,0,0
106,0,0.0000,0,0,0
107,0,0.0000,0,0,0
110,10,0.8731,148,159,150
111,3,0.5000,150,162,150
114,3,0.0000,139,151,137
117,5,0.2453,122,135,120
121,3,0.0000,108,119,90
122,2,0.0000,104,114,80
123,2,0.0000,104,113,75
124,3,0.0000,104,111,68
127,4,0.0000,99,104,54
128,4,0.9903,101,100,50
129,2,1.0000,102,105,50
130,14,0.9856,98,100,55
131,2,0.9836,86,87,54
132,3,0.9906,57,74,53
133,6,0.7867,65,81,61
135,0,0.0000,0,0,0
136,2,0.9695,84,97,77
137,2,0.9875,94,106,87
139,2,1.0000,109,120,105
140,2,0.9664,105,115,105
142,2,0.0000,116,126,118
143,3,0.0000,124,131,120
144,2,0.0000,139,146,140
147,4,0.3333,169,180,179
149,6,0.5935,156,168,165
151,3,0.9909,169,181,176
153,4,0.3278,155,168,161
156,5,0.2416,138,154,144
163,2,0.0000,111,119,87
167,0,0.0000,0,0,0
168,10,0.7686,107,107,57
169,2,1.0000,106,105,57
170,6,0.9935,103,101,60
171,4,0.3291,70,87,68
173,3,0.0000,77,88,67
174,3,0.0000,106,118,102
176,4,0.3333,134,146,136
177,2,1.0000,129,140,133
179,3,0.0000,141,151,150
181,2,0.0000,157,166,166
183,3,0.9944,185,195,197
185,5,0.7500,168,179,181
187,3,0.9837,188,200,200
189,9,0.7377,167,182,181
190,2,0.9845,154,173,168
193,0,0.0000,0,0,0
194,0,0.0000,0,0,0
195,4,0.0000,125,138,118
197,2,0.0000,118,123,93
198,2,0.0000,112,117,78
199,2,0.0000,111,112,72
201,4,0.3223,112,110,65
203,9,0.9905,109,107,60
205,3,0.9795,83,101,85
207,5,0.0000,96,112,96
210,0,0.0000,0,0,0
213,5,0.7398,156,166,164
216,3,0.4943,177,187,192
217,22,0.9372,191,202,208
219,0,0.0000,0,0,0
220,2,0.0000,149,166,159
221,0,0.0000,0,0,0
222,5,0.4846,148,160,147
223,3,0.4855,145,151,133
227,0,0.0000,0,0,0
228,3,0.0000,117,116,79
230,3,0.4817,114,112,67
231,4,0.3333,116,113,66
234,3,0.9680,110,107,64
235,6,0.7931,113,110,71
236,6,0.9815,110,108,68
237,16,0.9846,106,103,67
238,2,0.9852,37,50,35
242,2,0.9855,110,126,114
244,3,0.0000,123,136,127
245,3,0.0000,122,134,122
247,3,0.4874,147,159,153
248,2,0.9844,158,170,167
249,6,0.5974,168,179,181
250,0,0.0000,0,0,0
251,26,0.9897,201,211,219
253,3,0.0000,170,190,191
256,3,0.4883,161,175,171
257,2,0.9670,162,172,162
258,2,0.0000,134,139,115
259,2,0.0000,125,128,100
261,0,0.0000,0,0,0
263,0,0.0000,0,0,0
264,6,0.5980,118,116,74
265,5,0.9756,116,112,72
266,2,1.0000,116,112,74
267,2,1.0000,84,100,89
271,5,0.2420,139,152,147
272,2,0.9779,175,186,185
273,6,0.9892,187,198,201
274,6030,0.9784,204,190,193
275,2,0.9723,194,213,219
277,0,0.0000,0,0,0
278,0,0.0000,0,0,0
279,5,0.2422,180,196,198
280,8,0.8370,179,191,186
284,2,0.0000,139,143,120
286,3,0.0000,123,125,92
288,3,0.4828,122,119,83
290,6,0.8000,121,117,79
291,2,0.9756,118,114,77
292,3,1.0000,44,56,48
293,2,1.0000,59,72,64
294,3,1.0000,96,109,104
295,3,0.5000,116,131,124
298,0,0.0000,0,0,0
299,2,0.9782,159,169,170
300,3,0.9771,169,179,179
301,3,0.9657,192,205,211
302,5,0.9928,189,199,201
303,3,0.9710,171,180,174
304,0,0.0000,0,0,0
308,3,0.0000,131,137,111
311,2,0.0000,126,123,88
312,2,0.9709,122,120,87
313,4,0.6615,120,118,84
314,9,0.7379,120,120,82
318,2,1.0000,75,88,82
319,3,1.0000,131,143,142
322,2,0.9722,171,179,184
323,3,0.4857,185,193,200
324,3,0.9824,192,202,205
325,4,0.0000,162,171,160
326,0,0.0000,0,0,0
327,3,0.0000,151,159,140
328,2,0.0000,141,148,126
330,0,0.0000,0,0,0
331,3,0.0000,129,129,100
334,0,0.0000,0,0,0
336,0,0.0000,0,0,0
337,2,0.0000,114,113,73
340,2,1.0000,68,79,75
341,3,0.5000,113,123,123
342,3,0.0000,148,162,160
345,2,0.9904,198,205,214
347,3,0.0000,158,167,152
351,0,0.0000,0,0,0
353,0,0.0000,0,0,0
355,0,0.0000,0,0,0
356,5,0.4826,122,122,88
357,2,0.9639,122,124,83
359,2,0.0000,118,119,78
360,0,0.0000,0,0,0
361,4,0.6512,113,116,67
362,6,0.9773,113,113,69
363,5,1.0000,98,95,60
364,3,0.5000,44,56,52
369,3,0.5000,164,175,176
370,3,0.0000,170,181,183
371,2,0.9778,184,193,198
377,0,0.0000,0,0,0
378,4,0.9837,148,152,133
379,5,0.4877,141,142,118
380,4,0.3242,134,135,108
381,4,0.0000,127,127,98
382,2,0.9676,125,126,94
384,4,0.6537,127,127,84
386,3,0.0000,120,123,79
387,0,0.0000,0,0,0
389,2,1.0000,107,104,69
390,3,1.0000,99,96,61
391,3,0.5000,61,73,70
392,2,1.0000,86,98,99
393,2,0.0000,89,100,98
394,2,0.0000,104,114,113
397,0,0.0000,0,0,0
400,2,0.0000,176,190,178
401,4,0.6536,170,182,178
402,5,0.7340,163,171,162
403,5,0.4931,154,160,145
406,2,0.0000,129,130,97
407,2,0.0000,126,127,92
408,3,0.0000,124,125,82
411,0,0.0000,0,0,0
412,7,0.9768,113,110,68
414,2,1.0000,109,119,127
415,2,1.0000,127,137,147
417,3,0.0000,143,152,161
418,3,0.0000,152,161,167
420,2,0.9684,186,194,205
421,2,0.9801,197,205,215
422,7,0.9890,195,204,218
423,4,0.9905,186,197,212
424,6,0.9906,178,188,193
426,4,0.9662,137,142,98
427,4,0.6448,132,135,86
429,4,0.6552,119,119,75
430,8,0.1382,116,116,74
432,3,0.9849,109,107,65
433,18,0.9802,102,106,63
434,19,0.9855,99,103,62
435,26,0.9425,93,101,60
436,4,0.9879,95,97,58
437,2,1.0000,23,35,31
438,7,0.9849,33,45,39
441,3,0.9817,151,160,170
442,3,0.5000,167,175,187
444,2,0.0000,173,181,194
446,2,1.0000,145,150,112
448,5,0.2456,136,140,95
453,4,0.6535,111,109,66
454,8,0.9819,87,93,61
455,3,0.5000,45,57,56
456,4,0.3333,67,79,79
457,3,0.5000,89,100,102
458,2,1.0000,109,120,125
459,2,1.0000,180,188,200
460,2,1.0000,195,203,216
462,4,0.9842,173,180,174
463,2,0.9943,163,171,151
464,2,1.0000,158,164,136
465,0,0.0000,0,0,0
466,2,0.0000,141,145,101
467,2,0.9812,125,127,80
468,4,0.3296,124,123,79
469,0,0.0000,0,0,0
470,3,0.4811,118,116,75
472,3,0.9837,104,106,66
474,5,0.9969,20,31,24
475,4,0.9830,128,140,143
476,3,0.5000,202,210,223
477,2,1.0000,172,179,164
478,5,0.0000,149,155,123
479,2,0.9788,138,144,104
482,6,0.8000,127,130,82
484,3,0.0000,120,118,77
485,0,0.0000,0,0,0
486,2,1.0000,117,116,70
487,3,0.9829,113,114,68
488,2,0.9968,112,112,68
489,4,0.9903,106,107,65
490,3,0.9947,57,69,64
493,4,0.9918,114,126,127
494,4,0.9771,145,157,161
495,4,0.9932,163,173,180
496,4,0.9966,181,190,200
497,6,0.9829,191,196,200
502,2,1.0000,128,131,84
503,3,0.9936,127,128,82
505,6,0.3886,119,118,72
506,0,0.0000,0,0,0
507,4,0.6578,108,110,67
509,2,1.0000,104,110,66
510,2,0.9895,102,108,66
511,3,0.5000,74,87,82
512,3,0.4855,92,105,102
513,3,1.0000,198,206,217
514,2,0.0000,161,168,144
518,0,0.0000,0,0,0
519,7,0.9842,130,133,87
520,5,0.9818,121,123,74
522,3,0.9630,113,118,68
523,4,0.6524,109,114,67
524,4,0.9811,106,113,67
526,6,0.7900,97,108,62
527,3,0.9710,178,186,181
530,3,0.5000,136,144,113
531,2,1.0000,134,141,107
532,4,0.3333,132,138,95
533,2,1.0000,129,135,91
534,3,0.9915,131,134,85
535,3,0.9899,122,127,75
537,3,0.5000,115,119,70
538,4,0.3303,110,116,68
539,2,1.0000,108,115,67
540,9,0.8541,103,115,64
541,2,0.9830,102,110,64
542,7,0.9842,99,112,62
543,6,0.9878,87,102,54
544,2,0.9781,85,97,55
549,6,0.7869,164,175,165
550,0,0.0000,0,0,0
551,2,1.0000,140,150,125
553,2,0.0000,118,122,72
556,0,0.0000,0,0,0
558,4,0.9816,25,41,33
559,0,0.0000,0,0,0
563,2,0.0000,127,141,142
566,3,0.4841,166,180,184
568,6,0.5967,156,166,151
569,3,1.0000,148,160,140
570,3,0.5000,144,153,121
571,2,1.0000,143,150,114
572,2,1.0000,138,144,103
573,3,0.9881,133,137,93
575,2,1.0000,124,131,77
577,6,0.9798,116,126,72
578,3,0.4911,116,124,71
579,6,0.7850,111,124,70
580,2,0.9758,110,121,69
581,2,1.0000,108,120,68
582,4,0.6572,106,118,67
584,5,0.9761,100,115,63
585,3,0.0000,41,56,49
586,5,0.7417,54,71,64
587,3,0.0000,83,99,93
588,3,0.4863,110,126,120
589,2,0.0000,134,149,150
590,3,0.0000,148,162,165
591,3,0.4839,186,198,205
592,3,0.9904,196,209,216
593,7,0.9860,178,191,190
594,2,1.0000,168,179,178
595,2,1.0000,148,158,132
597,3,0.0000,127,135,80
598,3,0.5000,118,127,72
599,2,0.9776,117,128,73
600,2,1.0000,112,124,70
601,8,0.6992,104,121,65
602,3,0.5000,39,57,48
606,6,0.7848,184,199,201
610,0,0.0000,0,0,0
614,5,0.4943,111,127,72
615,3,0.9863,107,123,68
618,41,0.9832,91,115,52
619,2,1.0000,68,88,80
620,2,1.0000,93,112,106
624,2,1.0000,173,188,184
625,2,0.9916,149,159,136
626,4,0.9902,148,152,123
628,3,0.4851,137,140,104
629,2,0.0000,135,137,97
630,2,0.9634,131,141,81
631,5,0.0000,127,138,79
632,3,0.4940,123,134,75
634,6,0.3986,118,130,72
636,3,0.4824,113,129,72
637,4,0.6604,106,122,68
638,2,0.9693,105,122,67
639,8,0.9866,96,117,55
640,13,0.9777,41,61,42
642,3,0.0000,116,135,129
644,2,0.0000,150,165,170
645,2,0.0000,173,188,193
646,2,1.0000,160,172,161
647,2,0.9829,156,165,148
648,3,0.4809,141,145,112
651,0,0.0000,0,0,0
652,9,0.7295,117,133,74
657,4,0.9864,89,111,51
659,3,0.9963,68,89,76
660,4,0.6633,78,99,86
661,3,0.4899,89,109,100
663,2,0.0000,133,153,147
666,3,0.4824,176,194,197
667,2,0.9920,169,182,174
668,3,0.5000,158,161,135
670,2,0.0000,132,144,83
672,6,0.9868,121,136,76
673,7,0.8131,119,135,75
675,4,0.3333,114,132,74
676,6,0.5946,110,130,71
678,2,1.0000,109,128,72
679,2,1.0000,107,126,70
681,3,0.9679,99,118,58
683,6,0.5842,56,80,58
686,2,0.0000,142,163,157
687,3,0.4899,156,176,174
688,3,0.5000,174,181,164
689,2,0.9821,170,173,150
691,2,0.0000,132,145,83
692,2,0.9934,128,142,80
693,2,1.0000,123,137,76
694,2,0.9844,106,124,64
695,2,0.9660,104,122,62
696,3,0.4813,102,120,60
697,6,0.7848,98,119,56
699,3,0.4876,89,110,97
700,4,0.0000,105,124,116
701,0,0.0000,0,0,0
704,2,1.0000,186,190,178
707,2,0.0000,133,147,85
708,10,0.9797,124,141,77
709,3,1.0000,122,137,76
716,4,1.0000,82,107,52
720,0,0.0000,0,0,0
721,2,0.9868,148,156,158
724,3,0.9962,206,196,193
725,2,0.9928,197,191,186
729,0,0.0000,0,0,0
730,2,1.0000,125,141,94
731,2,1.0000,124,142,89
733,3,0.4895,123,140,72
735,2,0.9646,117,136,72
736,3,0.9714,115,136,74
737,6,0.7902,113,134,75
739,23,0.8875,110,133,65
741,2990,0.9845,104,154,64
742,4,0.9986,101,125,58
743,2,1.0000,101,124,57
744,33,0.9875,84,114,51
745,2,0.9721,34,63,24
746,2,0.9701,39,69,33
747,2,0.0000,71,97,72
750,0,0.0000,0,0,0
751,2,0.0000,170,173,180
753,6,0.7788,194,196,207
754,9,0.9813,195,176,180
756,2,0.0000,155,164,151
757,0,0.0000,0,0,0
759,4,0.3292,130,146,97
760,4,0.6538,120,141,73
761,6,0.9728,118,140,76
762,3,0.4807,118,138,71
764,2,1.0000,87,112,90
765,2,1.0000,101,124,109
766,6,0.2000,125,142,136
767,6,0.7954,141,156,156
768,3,1.0000,159,169,173
769,4,0.6650,178,183,192
771,2,0.0000,174,178,167
772,0,0.0000,0,0,0
774,4,0.6571,134,151,104
775,14,0.9828,125,149,80
776,5,0.9854,124,144,76
779,2,1.0000,107,130,62
780,4,0.6655,98,125,56
781,3,1.0000,46,75,29
782,5,0.7500,57,84,55
783,7,0.4995,69,94,70
785,6,0.7907,167,154,156
787,3,0.9809,178,171,176
789,0,0.0000,0,0,0
791,4,0.0000,149,165,125
792,4,0.3303,140,156,110
794,7,0.9778,123,147,76
796,0,0.0000,0,0,0
797,3,0.0000,115,137,77
801,7,0.8281,92,123,55
802,2,1.0000,89,121,56
803,7,1.0000,88,120,55
804,4,0.6667,78,101,85
805,4,0.6578,95,115,105
806,3,1.0000,113,131,128
807,4,0.9857,228,158,166
808,5,0.9682,235,163,176
809,3,1.0000,115,103,103
810,3,0.9973,105,98,99
811,2,1.0000,137,134,137
812,3,0.0000,185,185,175
814,2,0.0000,160,175,136
815,2,0.9760,145,160,115
816,7,0.8147,128,151,85
817,4,0.9856,121,147,77
818,11,0.9829,119,144,77
820,5,0.7280,116,139,75
821,18,0.9196,109,137,66
822,2,0.9695,101,129,60
823,2,1.0000,97,127,57
824,4,0.9975,93,125,57
825,2,1.0000,92,124,57
826,7,1.0000,91,123,56
827,5,0.7316,169,180,185
828,5,0.9924,185,194,203
829,5,0.9864,200,207,218
830,3,0.9746,230,145,155
831,3,1.0000,219,134,146
832,2,0.9701,223,133,150
833,3,0.9831,232,146,163
834,5,0.9944,77,74,74
835,2,1.0000,93,92,94
838,2,0.0000,169,182,145
843,3,0.4808,116,141,73
844,4,0.9929,212,115,131
845,12,1.0000,48,49,49
847,0,0.0000,0,0,0
850,7,0.4885,153,166,123
851,2,1.0000,144,161,109
861,4,0.6662,229,134,156
862,8,0.9920,206,99,121
863,8,0.9855,161,157,158
864,6,0.9966,93,92,92
865,2,0.0000,163,154,159
866,5,0.4849,164,172,135
867,2,0.9606,115,142,71
868,3,0.9958,61,87,51
873,2,0.0000,132,148,143
874,2,0.9847,161,172,172
876,2,0.0000,207,199,220
877,2,1.0000,182,169,191
878,12,0.9847,232,103,136
880,5,0.9840,190,80,103
881,3,0.9821,198,87,113
883,3,0.5000,140,158,107
884,0,0.0000,0,0,0
886,2,0.0000,97,116,96
887,2,0.0000,118,135,122
890,4,0.3333,147,144,163
893,2,1.0000,105,96,119
894,2,1.0000,120,108,129
895,2,1.0000,175,162,179
896,2,1.0000,206,192,208
897,3,0.9842,213,104,133
898,2,0.0000,222,126,142
899,14,0.9796,158,55,79
901,6,0.8000,98,93,97
902,4,0.3244,71,94,65
906,0,0.0000,0,0,0
907,4,0.9867,181,185,185
908,6,0.9928,196,197,202
910,2,1.0000,109,109,127
911,5,0.4978,92,95,115
912,3,0.9870,89,90,113
913,16,0.9988,70,71,95
914,3,1.0000,75,68,88
915,5,0.9879,231,122,153
916,2,1.0000,212,73,110
917,2,0.9642,190,61,96
918,2,1.0000,184,82,110
920,2,1.0000,208,116,134
921,10,0.8744,205,124,149
925,2,0.9635,65,98,49
926,3,0.4877,93,112,89
927,4,0.6667,113,129,111
928,4,0.3333,136,148,136
929,5,0.4918,156,166,159
930,9,0.7412,208,204,215
932,2,1.0000,143,134,150
933,3,0.9949,194,185,199
934,9,0.8750,147,38,70
936,3,0.9892,185,96,122
937,5,0.7262,177,179,149
941,2,1.0000,204,205,214
943,2,0.9834,103,108,124
944,3,0.9927,180,59,93
945,3,0.9912,174,90,118
946,2,1.0000,191,104,126
947,3,0.9926,176,88,114
949,0,0.0000,0,0,0
952,3,0.0000,68,102,50
954,2,0.0000,75,108,61
957,3,0.5000,144,148,160
959,5,1.0000,65,73,97
961,3,0.9824,208,91,125
962,4,0.6422,166,177,138
963,0,0.0000,0,0,0
964,0,0.0000,0,0,0
965,2,0.9706,75,111,52
968,6,0.3925,93,123,80
969,2,0.9670,105,138,95
970,3,0.4838,127,148,125
971,3,1.0000,152,165,156
972,2,0.9880,172,180,176
974,5,1.0000,52,58,73
975,3,0.5000,116,120,140
976,4,0.9881,182,183,196
977,3,0.9826,189,88,120
978,2,1.0000,204,129,155
979,0,0.0000,0,0,0
980,3,0.0000,137,162,105
981,0,0.0000,0,0,0
982,3,0.4925,84,116,66
984,5,0.9938,75,78,87
987,5,0.0000,151,169,121
989,97,0.9866,69,106,35
990,10,0.9843,78,118,46
991,0,0.0000,0,0,0
995,2,0.9764,196,188,203
996,2,0.0000,169,173,185
998,2,1.0000,196,148,162
999,3,0.5000,192,141,154
1000,2,0.9982,182,130,143
1002,8,0.9876,171,183,153
1003,8,0.9866,158,178,137
1004,8,0.9880,145,173,121
1005,9,0.8614,135,169,107
1006,4,0.0000,79,116,56
1007,129,0.9758,81,119,46
1010,2,0.0000,105,128,100
1012,2,0.0000,172,178,180
1013,2,1.0000,164,166,177
1014,5,0.7460,136,138,144
1015,9,0.9870,77,118,45
1016,2,0.0000,91,122,69
1019,0,0.0000,0,0,0
1024,11,0.9797,195,109,126
1026,3,0.9962,189,122,141
1027,6,0.9930,190,145,150
1031,0,0.0000,0,0,0
1032,0,0.0000,0,0,0
1033,0,0.0000,0,0,0
1034,13,0.9800,209,201,208
1035,2,0.9995,204,128,145
1036,21,0.9823,189,146,144
1037,4126,0.9830,112,157,69
1038,0,0.0000,0,0,0
1039,0,0.0000,0,0,0
1040,0,0.0000,0,0,0
1041,7,0.4904,155,177,153
1042,6,0.3912,179,199,181
1043,3,1.0000,200,142,159
1044,11,0.8876,202,133,151
1045,5,0.9915,201,116,133
1046,10,0.9761,187,84,100
1047,6,0.9942,175,110,118
1048,72,0.9825,87,126,49
1049,4,0.0000,101,136,75
1050,0,0.0000,0,0,0
1051,6,0.3928,133,158,123
1052,5,0.9857,192,122,136
1053,3,0.9702,177,101,113
1054,3,0.9937,165,95,103
1055,2,0.9790,196,160,159
1056,4,0.3214,98,137,65
1058,5,0.2437,117,147,98
1059,3,0.9967,190,115,122
1060,6,0.7974,181,105,110
1061,2,1.0000,176,92,103
1063,4,0.9873,170,79,92
1065,5,0.9790,156,79,84
1066,2,0.9853,157,91,92
1069,2,0.9722,206,155,168
1070,9,0.6087,163,76,84
1072,2,0.0000,186,89,105
1074,2,0.9674,158,66,77
1075,2,0.9999,158,73,82
1076,9,0.9811,153,62,71
1077,3,0.9859,141,74,68
1078,0,0.0000,0,0,0
1079,2,0.9916,115,149,88
1080,3,0.4948,127,157,106
1081,3,0.4808,145,173,132
1082,6,0.1928,164,191,152
1083,3,0.9749,203,192,201
1085,9,0.9769,156,54,68
1086,2,1.0000,136,55,62
1087,3,0.9831,143,45,59
1088,52,0.9707,113,25,32
1089,4,1.0000,121,41,35
1090,4,1.0000,125,53,43
1091,2,0.9910,164,107,98
1092,3,0.9820,178,132,125
1093,2,0.9762,184,139,132
1094,4,0.9962,194,167,164
1095,4,0.3237,160,178,133
1096,3,0.9747,149,174,121
1098,3,0.9846,198,146,158
1099,3,0.5000,201,130,131
1104,4,0.9930,190,162,158
1105,2,0.9932,115,152,84
1110,4,0.6542,128,43,49
1111,3,1.0000,130,73,56
1114,2,0.0000,173,127,116
1116,5,0.7254,120,155,94
1119,5,0.7248,187,187,188
1123,2,0.0000,157,82,84
1124,6,0.9885,121,50,52
1125,2,0.9745,117,46,54
1126,3,0.9911,124,52,56
1128,2,1.0000,127,63,46
1129,3,0.9982,140,95,75
1130,2,0.0000,157,110,95
1131,2,0.0000,168,123,111
1132,8,0.9783,175,129,127
1133,2,1.0000,188,136,135
1135,2,0.9697,144,172,114
1137,2,0.0000,138,168,119
1139,4,0.9820,201,154,163
1141,2,0.9756,173,103,103
1142,3,1.0000,135,67,67
1143,3,0.4867,124,50,56
1146,0,0.0000,0,0,0
1147,5,0.4896,133,63,72
1148,3,0.9899,139,78,83
1151,3,0.9760,138,61,54
1152,3,0.5000,140,84,65
1153,5,0.9814,146,104,85
1155,4,0.9874,179,148,143
1157,5,0.4989,115,155,78
1158,3,0.4847,129,162,108
1160,5,0.7331,182,128,134
1162,3,0.9803,129,66,66
1164,0,0.0000,0,0,0
1165,8,0.7015,138,73,79
1166,4,0.3245,142,91,90
1168,0,0.0000,0,0,0
1169,4,0.6481,148,76,69
1171,0,0.0000,0,0,0
1172,4,0.9688,159,175,131
1173,2,0.0000,154,174,123
1174,12,0.9860,137,168,107
1175,2,0.9675,148,177,129
1176,314,0.9778,152,111,108
1177,5,0.9886,141,77,76
1178,5,0.7397,137,80,82
1180,2,0.9891,156,91,101
1181,2,0.9678,138,100,98
1190,32,0.9497,147,174,123
1191,0,0.0000,0,0,0
1192,2,0.9881,109,157,74
1193,5,0.9820,125,172,90
1195,2,0.9667,158,181,152
1197,3,0.4825,198,211,191
1198,5,0.9946,216,187,192
1201,6,0.5881,197,148,156
1202,3,0.4832,181,149,139
1203,14,0.8329,142,171,115
1204,2,0.0000,129,176,95
1205,0,0.0000,0,0,0
1210,4,0.0000,171,191,164
1212,3,0.5000,200,165,171
1213,2,1.0000,185,148,155
1214,2,1.0000,178,132,137
1215,3,0.5000,172,126,131
1216,2,0.9957,121,170,86
1217,3,0.0000,151,175,143
1223,0,0.0000,0,0,0
1225,3,0.9805,171,132,135
1227,2,0.0000,143,170,132
1229,2,0.0000,177,193,168
1230,3,0.0000,190,201,181
1231,2,0.9651,201,173,179
1233,2,0.0000,136,166,125
1235,3,0.4817,175,192,163
1236,4,0.9949,194,203,181
1237,5,0.7277,168,136,138
1238,3,0.4804,129,164,108
1239,3,0.4845,133,165,117
1241,2,0.0000,162,185,148
1242,2,0.0000,149,177,132
1243,4,0.9792,170,191,151
1244,70,0.9841,159,131,119
1249,4,0.9750,130,167,100
1251,0,0.0000,0,0,0
1252,4,0.6632,154,183,127
1253,3,0.5000,161,188,139
1255,2,0.0000,156,130,110
1256,3,0.9852,134,173,101
1257,6,0.2000,143,176,114
1258,5,0.9738,176,191,168
1259,4,0.9803,164,141,141
1261,3,0.4817,164,186,150
1263,2,1.0000,168,187,166
1264,4,0.6472,134,167,107
1267,2,0.9639,152,179,133
1268,2,0.9741,153,175,144
1269,2,1.0000,160,180,155
1271,3,0.9656,128,164,97
1272,2,0.9931,132,168,100
1273,3,0.9667,130,168,103
1275,2,0.9691,139,165,123
1276,2,1.0000,144,168,133
1279,3,1.0000,145,120,107
1280,3,0.5000,134,168,114
1281,9,0.9854,152,182,153
1282,4,0.9935,166,150,144
1283,5,0.9840,161,143,137
1284,7,0.6578,142,122,108
1285,5,0.9700,149,123,105
1288,9,0.9877,124,169,100
1289,16,0.9798,147,177,141
1290,2,1.0000,153,133,122
1291,2,1.0000,150,130,119
1292,2,1.0000,133,114,101
1293,3,0.9890,146,124,103
1295,0,0.0000,0,0,0
1296,4,0.6603,153,129,104
1297,2,0.9699,150,124,99
1298,5,0.7384,148,122,96
1299,2,0.9786,154,124,91
1301,2,0.0000,158,123,96
1303,14,0.9064,155,132,117
1306,9,0.9895,126,171,99
1308,15,0.9818,136,172,122
1310,3,0.5000,159,141,134
1311,2,1.0000,137,118,104
1312,4,0.6539,132,113,99
1314,2,0.9616,143,122,100
1315,3,0.9838,140,119,95
1317,2,0.0000,145,123,100
1320,3,0.9862,142,116,89
1322,3,0.4837,145,116,86
1324,0,0.0000,0,0,0
1325,3,0.0000,152,117,91
1326,12,0.9823,151,128,114
1327,7,0.9830,121,167,94
1328,2,0.9691,163,140,137
1329,4,0.6457,159,135,131
1330,3,0.9675,156,133,128
1331,5,0.9808,152,132,126
1332,5,0.9919,153,133,124
1333,4,0.6570,147,126,115
1335,0,0.0000,0,0,0
1336,3,0.9811,128,109,94
1337,5,0.9749,133,113,88
1338,2,0.9643,137,115,90
1340,3,0.5000,145,121,95
1342,0,0.0000,0,0,0
1343,6,0.5900,134,108,80
1344,5,0.7405,135,106,78
1345,3,0.9902,138,107,81
1346,2,1.0000,142,109,84
1347,5,0.4886,144,113,93
1348,5,0.7346,147,117,101
1349,4,0.3251,148,117,103
1351,7,0.9842,149,129,121
1352,2,1.0000,147,125,114
1353,2,1.0000,152,130,119
1356,3,0.4922,136,114,100
1359,6,0.5935,126,105,88
1361,7,0.9928,128,107,81
1362,5,0.4959,133,109,80
1366,7,0.8260,120,95,64
1367,5,0.7278,126,100,68
1368,5,0.7299,167,137,133
1372,6,0.5895,143,121,112
1374,2,1.0000,138,114,102
1375,2,1.0000,144,121,107
1376,2,0.0000,139,117,103
1378,4,0.6568,128,105,89
1379,9,0.9880,120,98,77
1380,2,1.0000,121,102,72
1381,2,0.9737,123,104,74
1382,3,0.9954,126,105,74
1383,3,0.4953,127,104,72
1386,2,0.0000,119,94,63
1387,7,0.8231,111,87,54
1390,3,0.9816,170,139,136
1391,3,0.9858,162,131,128
1392,3,0.9702,157,127,123
1393,5,0.2438,148,122,116
1398,6,0.5928,134,111,100
1400,5,0.9842,128,105,89
1402,2,0.0000,123,100,82
1403,7,0.9845,120,96,75
1404,3,0.9815,114,91,69
1405,3,0.9930,120,97,73
1406,5,0.2455,113,93,62
1408,5,0.4941,119,99,67
1412,0,0.0000,0,0,0
1413,3,0.0000,114,91,57
1414,25,0.9819,108,78,48
1415,4,0.6590,115,90,58
1417,4,0.3246,129,103,78
1420,3,0.4910,143,124,109
1421,12,0.9909,152,122,113
1422,2,1.0000,147,117,110
1423,8,0.9809,145,118,106
1424,7,0.8210,139,112,101
1426,7,0.9844,132,104,93
1427,9,0.8645,124,99,86
1429,3,0.4977,117,91,74
1430,6,0.7979,116,92,67
1433,2,1.0000,107,88,55
1434,3,0.5000,112,92,59
1437,2,0.0000,110,89,54
1439,0,0.0000,0,0,0
1440,1142,0.9761,96,74,49
1445,168,0.9678,115,92,75
1447,16,0.8524,110,86,65
1448,5,0.7423,117,92,70
1451,3,0.9957,110,86,60
1453,223,0.9653,98,79,54
1455,3,0.5000,106,87,52
1458,5,0.2500,104,83,46
1459,2,1.0000,107,82,52
1465,24,0.9899,173,188,180
1466,2,1.0000,166,143,141
1467,6,0.9842,164,141,139
1468,6,0.9904,160,133,131
1469,2,1.0000,155,124,115
1470,9,0.8692,119,95,76
1474,5,0.7278,125,102,80
1475,6,0.3960,132,111,91
1476,3,0.5000,136,119,103
1477,3,0.5000,137,122,106
1479,5,0.9656,133,173,111
1481,2,0.9806,128,167,105
1482,6,0.9786,122,99,81
1483,4,0.9865,109,87,67
1484,2,1.0000,104,82,62
1486,2,0.0000,118,94,68
1488,2,0.9746,129,170,105
1489,3,0.4886,121,163,92
1490,5,0.7444,158,132,131
1491,3,0.9828,131,104,90
1492,5,0.4911,113,83,58
1493,4,0.3333,120,93,70
1496,2,0.0000,151,147,131
1497,3,0.9866,132,168,109
1498,2,0.9989,149,122,107
1499,7,0.8140,127,104,85
1500,2,1.0000,105,85,62
1502,2,0.0000,141,127,111
1504,4,0.9722,138,175,122
1505,2,0.9924,123,163,100
1506,2,1.0000,137,113,95
1507,5,0.9871,106,93,62
1508,7,0.9841,108,89,58
1509,2,1.0000,103,83,51
1513,4,0.0000,148,129,112
1514,3,0.9742,154,137,122
1516,3,0.9799,117,156,93
1517,14,0.9888,107,83,61
1519,5,0.0000,105,94,67
1520,33,0.9866,108,98,67
1521,2,1.0000,107,68,43
1524,0,0.0000,0,0,0
1526,4,0.6532,161,139,127
1527,3,0.4905,164,156,143
1528,3,0.4962,134,171,120
1529,2,0.9671,125,163,107
1530,2,0.9732,134,169,113
1531,2,1.0000,163,139,137
1533,8,0.4243,155,129,126
1534,2,0.9607,139,118,98
1535,2,0.9850,135,114,94
1539,2,1.0000,106,85,55
1541,3,0.0000,140,113,95
1543,5,0.7344,165,139,130
1548,3,0.5000,102,93,66
1552,4,0.6667,112,103,74
1553,3,0.9904,106,71,47
1554,2,0.0000,128,92,70
1556,3,0.4857,158,124,112
1557,3,0.9890,169,145,141
1558,9,0.9855,150,172,135
1562,2,0.9783,117,154,86
1563,8,0.9888,129,169,110
1564,8,0.9868,137,171,125
1565,8,0.9918,149,177,144
1566,16,0.9937,164,184,167
1567,2,0.9857,183,164,166
1570,2,1.0000,146,118,115
1571,3,0.9739,146,114,97
1574,3,0.5000,107,98,70
1575,2,1.0000,113,105,76
1576,6,0.9802,118,109,80
1577,3,0.9914,119,112,80
1578,3,0.9922,118,110,77
1581,4,0.0000,147,109,93
1583,24,0.9405,148,165,132
1585,0,0.0000,0,0,0
1586,2,0.0000,123,157,98
1587,3,0.0000,180,159,158
1588,0,0.0000,0,0,0
1589,4,0.3333,138,105,88
1590,2,1.0000,125,93,76
1591,12,1.0000,121,112,81
1592,7,0.9925,107,88,57
1593,3,0.9980,113,77,54
1594,2,0.0000,127,86,68
1597,8,0.8469,144,166,124
1598,9,0.7385,135,162,112
1599,7,0.9877,130,158,100
1600,11,0.8864,123,153,88
1602,4,0.0000,173,149,147
1606,5,0.9892,118,108,79
1607,3,0.9794,118,82,59
1614,0,0.0000,0,0,0
1617,2,0.9748,132,95,80
1618,14,0.9827,112,81,65
1619,6,0.9832,109,96,70
1620,5,0.7435,114,103,76
1622,2,0.0000,133,92,74
1625,2,0.0000,173,138,130
1628,2,0.0000,164,138,134
1629,0,0.0000,0,0,0
1631,6,0.9697,108,83,60
1632,2,1.0000,106,94,68
1633,2,0.9835,118,107,79
1634,3,0.4920,117,106,75
1635,5,0.9927,107,95,64
1637,2,0.9830,118,85,61
1638,0,0.0000,0,0,0
1640,0,0.0000,0,0,0
1642,0,0.0000,0,0,0
1644,2,0.0000,170,143,141
1646,3,0.0000,154,116,103
1647,2,0.9832,114,101,74
1648,4,0.9930,115,101,73
1651,5,0.4884,141,103,85
1652,0,0.0000,0,0,0
1653,5,0.4859,166,130,116
1654,4,0.3227,190,166,167
1655,0,0.0000,0,0,0
1658,0,0.0000,0,0,0
1660,3,0.4965,115,99,73
1661,2,0.9900,117,103,75
1662,2,1.0000,107,89,61
1663,2,0.0000,111,79,54
1665,5,0.4907,122,89,66
1666,4,0.3258,153,115,99
1667,3,0.0000,180,154,154
1668,2,0.0000,174,146,145
1669,0,0.0000,0,0,0
1670,0,0.0000,0,0,0
1671,3,0.4819,152,109,103
1672,2,0.9780,111,84,64
1674,4,0.9934,112,96,69
1675,2,0.9627,106,75,48
1676,2,0.9742,113,81,56
1678,8,0.9945,140,171,120
1679,15,0.9895,147,172,132
1680,8,0.9975,156,178,152
1681,4,0.9718,183,154,155
1682,3,0.0000,174,131,123
1683,4,0.0000,163,120,112
1684,4,0.9825,115,89,72
1685,7,0.9969,111,94,67
1686,3,0.9720,125,93,70
1687,9,0.8617,139,104,84
1688,3,0.9791,148,113,100
1689,13,0.9821,161,131,120
1690,8,0.8388,143,159,123
1691,8,0.8367,137,156,112
1692,9,0.7311,129,152,100
1697,8,0.9890,113,85,71
1700,51,0.9471,134,101,80
1702,5,0.7393,182,143,139
1703,5,0.7434,172,132,128
1704,5,0.7401,158,121,116
1705,5,0.7456,147,110,106
1706,14,0.9088,138,108,103
1707,4,0.0000,109,79,52
1708,2,0.0000,115,83,59
1709,2,1.0000,116,148,72
1710,5,0.9741,129,162,89
1711,3,0.9801,134,100,94
1715,8,0.9797,150,121,109
1717,2,0.9878,119,147,80
1719,4,0.9809,191,162,166
1721,0,0.0000,0,0,0
1722,5,0.2500,122,147,88
1723,6,0.9799,115,144,70
1724,9,0.9779,112,144,62
1725,3,0.9732,115,85,59
1726,8,0.6999,121,89,67
1727,5,0.7407,118,145,79
1728,10,0.9926,185,155,153
1733,2,0.9816,130,102,94
1734,22,0.9858,116,97,82
1735,3,0.9988,113,92,70
1739,12,0.8980,143,116,113
1740,29,0.9477,131,111,105
1741,2,0.9746,141,160,125
1746,284,0.9702,102,121,43
1747,6,0.9851,121,155,75
1748,7,0.9816,145,168,118
1749,10,0.9841,152,173,143
1750,11,0.9852,159,179,159
1751,17,0.8610,163,183,171
1752,21,0.8859,163,140,140
1753,9,0.8679,153,125,122
1755,66,0.9819,118,102,92
1756,45,0.9659,104,86,69
1757,2,0.9733,113,82,61
1758,3,0.9744,156,128,116
1763,3,0.9782,111,142,52
1764,2,1.0000,94,137,48
1765,3,0.9826,96,137,52
1766,7,0.9785,140,161,120
1767,2,0.9785,137,160,118
1768,3,0.4863,131,155,108
1769,4,0.3206,123,147,93
1772,5,0.2445,107,136,52
1773,4,0.9757,99,138,55
1775,4,0.0000,116,143,78
1778,27,0.9866,94,133,46
1779,0,0.0000,0,0,0
1781,3,0.4860,149,121,106
1782,2,0.9731,153,125,111
1783,5,0.7323,136,156,112
1788,3,0.0000,109,136,62
1790,26,0.9842,100,125,50
1791,4,0.6589,100,136,58
1792,9,0.9815,126,107,101
1793,11,0.9862,112,97,86
1794,0,0.0000,0,0,0
1795,14,0.9872,122,90,69
1796,4,0.9823,165,136,126
1797,2,0.0000,129,152,104
1800,0,0.0000,0,0,0
1803,12,0.9877,99,121,52
1805,0,0.0000,0,0,0
1807,6,0.7785,149,121,105
1808,30,0.9407,151,123,110
1809,3,0.9895,151,157,143
1810,3,0.4837,128,148,99
1813,4,0.0000,110,135,68
1816,17,0.9241,97,122,36
1818,2,0.9892,96,127,54
1819,1,0.0000,101,132,62
1820,16,0.6575,113,82,60
1821,2,1.0000,146,119,102
1822,2,0.0000,119,141,85
1823,3,0.0000,111,133,70
1825,5,0.2405,101,125,49
1827,94,0.9828,108,130,52
1829,3,0.4872,104,131,65
1830,3,0.9861,139,166,111
1831,6,0.5878,140,167,120
1833,3,0.9725,159,131,122
1838,2,0.0000,105,127,58
1839,2,0.9849,98,120,43
1840,2,0.0000,97,126,56
1841,2,0.9750,99,125,58
1843,5,0.4928,149,130,128
1844,4,0.6526,135,116,112
1846,4,0.3304,159,134,128
1847,6,0.3943,146,160,115
1848,7,0.3308,130,144,96
1849,0,0.0000,0,0,0
1853,34,0.9576,93,112,31
1855,1,0.0000,107,129,67
1856,2,0.0000,143,116,97
1857,0,0.0000,0,0,0
1858,2,0.0000,112,130,75
1859,2,0.0000,107,126,64
1862,7,0.9912,101,119,38
1863,2,0.0000,103,125,60
1865,2,1.0000,109,129,69
1866,2,0.9698,135,164,106
1867,3,0.4890,143,169,132
1875,6,0.0000,119,134,82
1878,2,0.0000,99,118,47
1880,4,0.3245,107,125,61
1881,3,0.4924,110,125,64
1882,2,1.0000,113,130,71
1884,5,0.7263,148,172,146
1886,4,0.3223,144,127,125
1887,2,0.9719,137,121,118
1888,12,0.9935,113,96,90
1890,0,0.0000,0,0,0
1899,2,0.0000,112,127,70
1900,0,0.0000,0,0,0
1901,6,0.9866,97,110,41
1904,111,0.9685,104,121,40
1905,13,0.9815,100,118,46
1906,4,1.0000,117,130,72
1907,12,0.9957,109,145,61
1912,7,0.9863,108,91,85
1913,7,0.4855,137,110,89
1914,2,0.0000,143,116,97
1916,2,0.0000,161,138,132
1917,5,0.0000,149,156,138
1923,3,0.0000,105,120,58
1926,2,1.0000,117,127,68
1927,4,0.6429,131,160,104
1928,3,0.4917,135,162,116
1929,2,0.9755,139,165,128
1930,3,0.9712,154,139,138
1932,3,0.9856,139,124,121
1933,3,0.9894,121,106,102
1934,3,1.0000,103,86,79
1937,2,0.0000,154,129,122
1938,3,0.9881,156,133,127
1939,0,0.0000,0,0,0
1944,0,0.0000,0,0,0
1946,9,0.9784,99,117,40
1947,3,1.0000,109,120,57
1948,3,0.9908,112,122,61
1949,2,0.9956,114,124,64
1950,8,0.9836,150,130,132
1951,13,0.9879,105,85,77
1952,8,0.8460,143,113,97
1953,4,0.9823,151,126,116
1955,2,0.0000,140,147,129
1958,0,0.0000,0,0,0
1959,0,0.0000,0,0,0
1960,3,0.4953,102,116,51
1961,2,1.0000,104,116,49
1962,3,1.0000,138,159,90
1963,6,0.9829,140,163,98
1968,3,0.4806,132,108,86
1970,27,0.9479,162,159,139
1973,2,0.0000,132,142,95
1975,0,0.0000,0,0,0
1977,26,0.9851,104,103,40
1978,6,0.9911,97,117,35
1979,4,0.6582,130,156,67
1980,2,1.0000,133,159,71
1981,10,0.9879,138,163,82
1982,7,0.9823,131,159,74
1983,58,0.9136,107,147,50
1984,2,0.9783,116,161,73
1989,5,0.4909,158,135,139
1990,4,0.9954,144,122,124
1991,5,0.7311,133,112,112
1992,4,0.9846,126,105,104
1993,20,0.9885,114,94,87
1994,34,0.9284,109,90,77
1996,4,0.9955,129,110,85
1998,2,1.0000,144,112,98
1999,2,1.0000,161,142,127
2001,2,0.0000,148,149,126
2002,2,0.0000,142,142,119
2004,0,0.0000,0,0,0
2005,0,0.0000,0,0,0
2006,4,0.6601,109,115,53
2007,3,0.9873,106,110,46
2008,4,0.6612,94,118,30
2009,81,0.9719,83,107,24
2010,18,0.9844,88,107,35
2011,2,0.9832,98,116,40
2012,1,0.0000,98,114,43
2013,4,0.6547,126,151,64
2014,4,0.0000,124,164,106
2015,0,0.0000,0,0,0
2016,0,0.0000,0,0,0
2019,3,0.4967,125,100,76
2020,5,0.7330,133,107,85
2021,2,0.9758,140,109,93
2022,9,0.9875,155,150,127
2025,0,0.0000,0,0,0
2026,0,0.0000,0,0,0
2027,10,0.1111,109,120,60
2029,2,1.0000,91,109,33
2030,43,0.9869,82,102,26
2031,5,0.9927,95,115,36
2032,2,0.9910,91,107,38
2033,4,0.6575,120,146,59
2038,4,0.0000,133,170,127
2039,4,0.0000,143,177,147
2040,2,0.9652,99,72,48
2044,2,0.9740,128,109,84
2045,3,0.9877,137,105,89
2046,3,0.9911,151,122,110
2047,4,0.6563,155,135,122
2048,3,0.5000,146,138,113
2049,3,0.5000,141,130,105
2050,5,0.2405,126,132,68
2051,5,0.2487,118,126,64
2052,57,0.9560,104,127,47
2053,2,1.0000,115,141,53
2055,4,0.9775,130,156,85
2056,6,0.7917,120,148,74
2058,0,0.0000,0,0,0
2059,2,0.0000,112,156,79
2068,4,0.9846,111,91,62
2069,13,0.8970,125,98,76
2070,2,1.0000,124,104,79
2073,3,0.5000,112,114,50
2074,4,0.9774,108,108,45
2077,24,0.9930,109,137,53
2079,4,0.9723,117,147,60
2080,9,0.9783,97,141,50
2087,3,1.0000,146,124,126
2088,3,0.9865,141,120,119
2090,4,0.6504,124,103,100
2091,5,0.9790,94,77,41
2092,4,0.6549,104,84,54
2093,2,0.9881,156,146,129
2094,3,1.0000,159,155,135
2095,3,0.9807,151,137,115
2096,4,0.9861,147,130,110
2099,2,1.0000,93,103,37
2100,13,0.9012,125,153,75
2101,2,1.0000,139,165,94
2102,3,0.9724,131,156,88
2104,4,0.9841,97,137,51
2105,2,1.0000,98,138,55
2107,6,0.9836,126,154,71
2108,0,0.0000,0,0,0
2109,2,0.0000,108,151,80
2110,0,0.0000,0,0,0
2111,2,0.0000,125,163,118
2112,2,0.0000,136,170,137
2114,2,0.9912,161,139,141
2115,3,0.9733,137,116,115
2117,6,0.3919,146,117,96
2118,13,0.9811,153,138,121
2120,4,0.0000,120,121,57
2122,5,0.9934,101,98,35
2123,2,1.0000,99,121,38
2125,4,0.9692,130,156,80
2126,2,0.9933,135,161,89
2128,3,0.4970,125,151,81
2130,3,0.9862,113,143,67
2131,2,0.0000,112,142,63
2132,11,0.9853,100,145,50
2133,4,0.9933,91,135,49
2134,13,0.9883,95,138,55
2135,3,0.5000,119,153,78
2136,3,0.4902,126,156,84
2137,2,0.9968,131,160,89
2139,5,0.4927,100,145,62
2140,2,1.0000,103,146,74
2141,3,0.0000,114,154,96
2147,4,1.0000,102,77,48
2149,26,0.9862,96,93,28
2150,4,0.9904,88,109,36
2151,10,0.9901,100,124,43
2153,2,0.0000,128,153,86
2155,3,0.9844,108,140,62
2156,5,0.4882,106,139,57
2157,111,0.9826,88,136,36
2158,4,0.9939,86,132,45
2161,0,0.0000,0,0,0
2162,15,0.8571,131,155,89
2163,2,0.9871,109,149,87
2164,2,0.0000,120,158,108
2165,4,0.6608,130,165,125
2166,3,1.0000,138,171,137
2167,7,0.8207,147,177,144
2168,2,0.0000,156,135,135
2169,5,0.7362,150,130,129
2170,2,0.9730,143,122,120
2171,2,0.0000,133,112,109
2172,10,0.9792,126,105,99
2173,6,0.9903,121,101,94
2174,12,0.9890,115,92,57
2175,14,0.9830,97,86,38
2176,3,0.9708,100,88,48
2177,2,0.9868,115,96,62
2178,5,0.9916,151,138,116
2179,3,0.9931,150,144,120
2182,2,0.9789,109,108,43
2183,2,1.0000,76,99,21
2184,3,0.9916,99,122,41
2185,6,0.7928,121,149,71
2186,31,0.9538,116,145,71
2188,6,0.9922,85,135,47
2189,12,0.8935,113,143,70
2190,4,1.0000,116,143,73
2192,4,0.6456,114,143,58
2193,3,0.4934,102,145,72
2195,3,0.9840,124,160,114
2196,2,0.9619,163,140,145
2198,4,0.9757,140,119,115
2199,4,1.0000,68,45,22
2200,6,0.5846,122,102,66
2203,10,0.9814,148,141,113
2204,2,0.0000,142,125,103
2206,5,0.9843,102,104,37
2207,3,0.9850,106,100,36
2208,33,0.9574,101,122,49
2209,10,0.9834,87,113,38
2210,5,0.9911,92,114,42
2211,2,0.9675,88,108,37
2212,15,0.9872,114,144,63
2213,5,0.7409,116,146,67
2214,4,0.9937,124,152,76
2215,2,1.0000,102,136,56
2217,3,0.9933,79,132,42
2218,2,1.0000,97,136,55
2219,3,0.9905,125,150,84
2222,3,0.9872,90,134,55
2223,3,0.4932,107,146,85
2224,0,0.0000,0,0,0
2225,2,1.0000,119,156,105
2226,2,0.9875,141,173,132
2227,2,0.9890,148,176,132
2229,2,0.9802,156,137,137
2230,4,0.9650,145,130,124
2231,378,0.9832,53,67,16
2233,6,1.0000,126,103,63
2234,4,0.9827,98,83,35
2236,2,0.9683,115,103,59
2239,4,0.6492,149,135,104
2240,5,0.9814,144,142,110
2242,2,0.0000,131,113,90
2243,4,0.9847,106,110,42
2244,21,0.9409,78,104,30
2247,13,0.9073,96,118,50
2250,2,1.0000,95,130,48
2252,4,0.9984,78,132,39
2253,3,0.9971,113,149,70
2255,28,0.9466,111,143,66
2256,65,0.9870,97,133,47
2258,4,0.3233,112,150,96
2260,2,0.0000,127,161,121
2262,3,0.4938,144,171,129
2264,2,0.9872,160,153,133
2265,8,0.9888,137,113,72
2266,5,0.9838,107,101,49
2267,8,0.8501,117,115,60
2268,3,0.9796,110,106,52
2272,5,0.9886,141,143,107
2273,0,0.0000,0,0,0
2275,2,1.0000,91,115,41
2277,24,0.9864,111,137,59
2280,17,0.9255,95,127,50
2282,4,0.9850,91,128,42
2283,3,0.9964,71,129,37
2285,3,0.5000,109,134,68
2286,2,0.0000,118,144,78
2287,4,1.0000,94,136,64
2290,3,0.9912,115,150,103
2292,4,0.3310,134,164,117
2294,4,0.9829,166,176,177
2295,2,0.9960,156,159,141
2298,3,0.9885,69,52,31
2300,6,0.9917,111,113,51
2301,0,0.0000,0,0,0
2304,2,0.0000,145,134,97
2306,5,0.9900,138,144,102
2307,5,0.4860,135,127,93
2308,3,0.0000,119,107,74
2309,2,0.9863,104,103,36
2310,9,0.9851,91,102,31
2311,5,0.9909,102,115,43
2313,3,0.5000,102,127,52
2314,7,0.4996,89,117,32
2315,31,0.9188,83,111,25
2316,0,0.0000,0,0,0
2317,2,1.0000,97,119,47
2319,38,0.9638,108,141,64
2320,3,0.5000,114,145,69
2322,8,0.9913,87,126,39
2323,36,0.9851,59,116,26
2324,2,1.0000,86,136,49
2326,2,1.0000,132,163,88
2328,7,0.6667,130,156,87
2329,7,0.6516,108,135,68
2330,4,0.3333,100,140,75
2333,4,0.0000,102,139,87
2337,3,0.4962,122,155,99
2339,4,0.9777,161,173,171
2341,0,0.0000,0,0,0
2344,2,0.0000,132,130,116
2346,13,0.9033,129,109,100
2348,3,0.9886,85,73,43
2349,2,1.0000,122,101,57
2350,10,0.9898,130,108,64
2351,3,0.9864,103,105,43
2352,4,0.0000,125,112,65
2353,3,0.5000,141,135,88
2354,0,0.0000,0,0,0
2355,0,0.0000,0,0,0
2356,4,0.0000,137,130,89
2357,6,0.7869,132,139,95
2360,4,0.9815,105,108,39
2361,4,0.3333,94,119,45
2363,4,0.9840,90,116,44
2364,4,0.9717,92,116,48
2365,9,0.7367,105,136,60
2366,2,1.0000,99,130,54
2367,8,0.9835,71,128,22
2368,4,0.9778,85,132,48
2369,4,0.6550,84,129,46
2370,2,1.0000,141,172,97
2371,10,0.9926,140,167,95
2373,2,0.9793,111,138,64
2375,20,0.9343,125,159,80
2376,2,1.0000,89,129,64
2377,33,0.9791,92,124,64
2378,3,0.9856,94,131,76
2379,3,0.5000,103,137,77
2380,3,0.4961,111,144,86
2382,4,0.9854,155,170,167
2383,0,0.0000,0,0,0
2384,3,0.0000,148,152,124
2385,0,0.0000,0,0,0
2388,4,0.0000,125,124,108
2391,2,1.0000,99,80,63
2392,5,1.0000,83,65,44
2393,2,0.9954,156,132,86
2394,3,0.9993,108,86,38
2395,7,1.0000,96,91,34
2396,9,0.9834,92,105,32
2398,3,1.0000,136,134,83
2401,2,0.0000,117,123,78
2404,3,0.4974,113,120,50
2405,2,0.9740,111,117,47
2409,3,0.9866,99,122,51
2410,6,1.0000,121,152,75
2411,2,0.9864,111,142,64
2412,2,1.0000,73,127,39
2414,11,0.6875,112,148,61
2415,4,0.9870,96,131,71
2417,4,0.9915,151,168,164
2418,4,0.0000,148,159,143
2419,3,0.0000,138,147,116
2420,5,0.2433,130,143,109
2424,4,0.3237,124,111,101
2425,3,1.0000,133,110,64
2426,6,0.9870,116,101,48
2427,2,1.0000,115,100,48
2428,2,1.0000,112,111,51
2432,0,0.0000,0,0,0
2433,2,1.0000,130,144,95
2434,4,0.9781,134,137,92
2435,2,0.0000,131,125,84
2436,2,0.9642,123,133,62
2437,7,0.8256,118,131,58
2438,8,0.9859,88,104,26
2440,5,0.9912,117,150,76
2442,3,0.9854,103,127,54
2443,2,0.9683,99,124,57
2444,19,0.9903,110,132,57
2445,3,0.9725,98,128,53
2447,12,0.9950,150,174,97
2449,3,0.9830,111,148,72
2453,0,0.0000,0,0,0
2454,5,0.7439,140,163,136
2457,6,0.9871,130,152,115
2461,15,0.9070,111,95,70
2464,5,0.7339,70,69,31
2465,10,0.9901,77,67,40
2466,5,0.9817,73,66,34
2468,4,1.0000,133,115,66
2469,2,0.9770,136,123,68
2471,17,0.8050,93,115,46
2472,47,0.9857,83,103,21
2473,3,0.9719,100,110,31
2474,3,0.9864,110,118,39
2475,2,0.0000,119,115,58
2476,0,0.0000,0,0,0
2477,3,0.0000,131,130,77
2478,2,1.0000,107,117,66
2479,4,0.0000,112,126,73
2481,2,1.0000,132,133,90
2482,4,0.9899,107,123,48
2483,103,0.9841,70,105,26
2484,5,0.9891,104,140,61
2485,4,0.6537,88,116,32
2486,4,0.9965,120,149,74
2489,9,0.9839,102,139,61
2490,4,0.9942,88,126,42
2491,4,0.9932,74,116,39
2492,2,0.0000,110,143,65
2496,6,0.3873,105,134,63
2497,3,0.9924,101,132,84
2498,4,0.0000,124,153,114
2499,3,1.0000,140,168,133
2500,19,0.8799,135,162,122
2502,2,0.0000,127,142,107
2503,2,0.0000,117,131,98
2504,2,0.0000,100,113,83
2505,2,1.0000,106,102,83
2506,6,0.2000,105,99,57
2507,3,0.0000,94,86,53
2508,4,1.0000,96,86,60
2510,2,0.0000,120,103,53
2511,3,1.0000,127,118,63
2512,9,0.9925,127,124,65
2513,4,0.9909,102,110,43
2514,3,1.0000,71,88,22
2516,9,0.7357,88,112,27
2517,2,1.0000,97,122,51
2519,3,0.4816,129,138,87
2523,8,0.9893,115,133,59
2524,4,1.0000,66,102,32
2526,2,1.0000,89,110,31
2527,8,0.9857,95,134,53
2528,2,1.0000,96,126,51
2529,4,0.9873,96,137,37
2530,4,0.6552,96,131,53
2531,2,0.0000,130,156,80
2532,5,1.0000,155,178,100
2533,3,0.5000,123,156,77
2535,4,1.0000,77,121,43
2539,7,0.8253,139,165,131
2540,2,0.9814,131,152,114
2541,3,0.4954,126,147,106
2544,2,0.9643,105,98,77
2547,4,1.0000,101,92,65
2548,3,0.5000,93,80,30
2549,4,0.9936,106,100,47
2551,5,0.9785,100,110,42
2552,4,0.9746,118,130,62
2553,4,0.6667,73,92,26
2555,0,0.0000,0,0,0
2558,3,0.0000,116,122,78
2560,2,0.0000,112,128,56
2561,3,0.5000,94,107,32
2562,2,0.9936,95,122,50
2563,34,0.9587,74,112,39
2564,4,0.9872,94,132,57
2565,2,0.9865,99,139,64
2567,38,0.9583,108,132,51
2568,6,0.9851,100,121,41
2569,4,0.6618,91,113,35
2570,10,0.8801,109,131,50
2571,2,1.0000,111,144,67
2572,21,0.9877,83,129,48
2573,12,0.9945,83,127,45
2574,3,1.0000,109,151,72
2575,3,0.9973,92,130,51
2576,11,0.9908,85,122,42
2577,4,0.6635,88,126,36
2578,48,0.9860,101,136,43
2579,4,0.9843,94,139,42
2580,3,0.9820,86,135,37
2581,5,1.0000,148,174,95
2582,2,1.0000,107,135,57
2583,3,0.5000,87,126,46
2584,8,1.0000,72,111,34
2586,9,0.8651,97,125,61
2587,2,0.9692,110,138,97
2589,0,0.0000,0,0,0
2591,0,0.0000,0,0,0
2592,4,0.6525,111,103,76
2593,3,0.5000,125,113,75
2596,5,0.2427,92,103,51
2598,4,1.0000,106,100,71
2599,46,0.9148,102,124,53
2600,33,0.9573,59,87,18
2603,4,0.9684,93,120,45
2604,2,0.9693,105,122,61
2605,0,0.0000,0,0,0
2606,3,0.0000,110,123,68
2607,3,0.5000,125,132,79
2608,8,0.9990,118,140,66
2610,17,1.0000,83,106,30
2611,2,0.9881,103,139,60
2614,4,0.9945,84,127,47
2615,5,1.0000,138,163,82
2616,15,0.9276,99,123,42
2617,22,0.9414,114,150,67
2618,2,1.0000,111,136,69
2621,0,0.0000,0,0,0
2624,3,0.0000,122,144,100
2625,3,0.5000,107,137,85
2626,2,0.0000,110,121,86
2627,3,0.0000,109,114,85
2629,6,0.4000,125,118,80
2633,4,0.3333,78,73,43
2634,12,1.0000,112,110,77
2635,2,1.0000,74,69,37
2637,2,1.0000,85,106,35
2638,5,0.9916,110,126,61
2639,2,1.0000,120,126,75
2641,6,0.9837,95,125,56
2642,2,1.0000,79,116,42
2643,4,0.9784,90,123,46
2644,5,1.0000,101,125,48
2647,9,0.9793,90,134,50
2648,10,0.9949,79,130,44
2649,4,0.6600,92,131,40
2650,4,0.9972,60,107,22
2652,5,1.0000,122,153,71
2655,4,0.6667,83,113,40
2656,13,0.9057,120,153,80
2659,14,0.9900,130,158,83
2660,5,1.0000,135,160,92
2662,0,0.0000,0,0,0
2663,2,0.0000,97,125,81
2664,3,1.0000,109,135,92
2665,4,0.9810,126,152,110
2666,2,0.0000,120,148,103
2667,2,1.0000,114,145,96
2673,0,0.0000,0,0,0
2674,5,0.9827,133,133,88
2678,2,0.9638,66,64,32
2679,3,0.9969,73,70,37
2680,17,0.9890,93,98,62
2681,6,0.7924,90,96,40
2682,3,1.0000,102,121,51
2683,2,1.0000,104,122,50
2684,33,0.9817,81,125,27
2685,3,0.9869,86,110,34
2686,2,1.0000,108,128,54
2687,4,1.0000,112,137,65
2688,20,0.9890,110,130,51
2689,13,0.9848,75,127,41
2690,3,1.0000,62,106,21
2691,5,0.7500,95,137,46
2692,16,0.9954,113,151,57
2693,3,0.9939,79,121,34
2694,42,0.9597,106,144,57
2697,2,0.0000,107,132,57
2699,3,1.0000,112,146,57
2702,2,0.9803,103,129,75
2703,0,0.0000,0,0,0
2704,0,0.0000,0,0,0
2705,2,1.0000,101,137,83
2707,5,0.0000,123,131,100
2708,0,0.0000,0,0,0
2711,5,0.7500,129,135,81
2714,21,0.9277,69,90,32
2715,3,1.0000,59,75,25
2717,5,0.9882,79,80,46
2718,25,0.9875,75,96,41
2722,21,0.9925,95,113,42
2724,3,1.0000,85,109,38
2725,10,0.9867,80,132,45
2726,27,0.9849,76,119,39
2727,5,0.7500,115,148,63
2728,3,0.9933,118,141,60
2729,2,0.9777,125,147,73
2730,3,0.5000,111,136,66
2731,2,0.0000,106,135,51
2732,2,1.0000,98,128,57
2733,4,0.6477,106,132,73
2734,5,0.2500,100,126,76
2735,5,0.5000,113,148,95
2736,3,0.4893,89,130,70
2740,2,0.0000,133,141,103
2741,8,0.9963,135,144,91
2742,3,0.4808,105,120,60
2745,25,0.8242,97,110,64
2746,0,0.0000,0,0,0
2748,12,0.9915,101,116,54
2749,3,0.9886,83,114,28
2750,14,0.9944,83,111,25
2751,2,0.9932,86,129,32
2752,3,1.0000,111,134,61
2753,14,0.9870,115,143,69
2754,1,0.0000,103,127,51
2755,4,0.9975,84,135,49
2756,3,0.9989,66,122,34
2757,11,0.9841,55,111,24
2758,3,0.9738,112,146,58
2759,3,0.5000,130,151,71
2760,2,1.0000,140,159,82
2761,3,0.9804,140,156,81
2762,2,0.9782,142,154,86
2763,3,0.9877,138,168,96
2765,3,1.0000,91,125,36
2766,9,0.9943,111,145,70
2767,4,1.0000,107,140,65
2768,2,1.0000,118,147,80
2769,2,1.0000,115,139,91
2770,2,1.0000,121,147,100
2771,3,1.0000,125,156,107
2773,9,0.7308,89,128,69
2774,0,0.0000,0,0,0
2775,2,0.0000,105,122,80
2778,6,0.9954,79,112,42
2780,3,0.0000,89,106,44
2781,59,0.9678,60,105,7
2782,3,0.9938,77,112,43
2783,4,0.6667,88,115,39
2785,4,0.9939,117,144,71
2786,3,1.0000,115,143,72
2787,3,1.0000,82,123,34
2788,2,1.0000,78,111,22
2789,12,1.0000,167,174,105
2790,2,1.0000,102,140,47
2791,8,0.9973,95,135,43
2792,8,0.8445,109,150,65
2793,2,1.0000,127,160,87
2795,2,0.0000,111,136,78
2796,2,1.0000,106,130,80
2797,3,1.0000,112,147,90
2798,0,0.0000,0,0,0
2799,4,0.0000,96,117,70
2801,4,0.6667,128,143,84
2802,5,0.7469,113,132,65
2803,2,0.0000,86,113,44
2804,4,0.9968,83,119,42
2805,7,0.8244,49,60,18
2807,2,1.0000,81,90,53
2808,7,0.8333,89,122,44
2809,5,0.7450,103,134,50
2811,2,1.0000,91,127,38
2812,2,1.0000,66,104,34
2813,2,0.9787,115,151,69
2814,3,0.9986,111,141,65
2815,4,1.0000,126,156,82
2816,12,1.0000,132,162,90
2817,4,1.0000,124,154,84
2818,4,1.0000,117,147,78
2819,4,0.9871,63,117,34
2820,71,0.9922,48,92,17
2821,9,0.9843,47,94,18
2824,4,0.3204,117,150,63
2825,2,1.0000,104,133,49
2826,8,0.9931,121,166,71
2827,11,0.9941,74,121,24
2828,4,0.9807,94,133,39
2829,3,0.9950,138,167,80
2831,4,0.6606,86,129,49
2832,3,1.0000,83,122,29
2833,7,0.9895,116,153,74
2834,9,0.9824,82,110,47
2835,3,0.9905,93,117,62
2838,3,0.9936,122,160,98
2841,5,0.4812,88,125,64
2844,2,0.9952,96,121,46
2845,6,0.9822,82,117,38
2848,3,0.9974,92,125,52
2849,4,1.0000,64,94,24
2850,4,0.9941,105,120,59
2851,4,1.0000,101,137,49
2852,3,0.9767,92,129,44
2853,5,0.9995,101,125,42
2854,3,0.5000,84,119,34
2856,8,1.0000,146,178,96
2857,3,0.9885,130,148,69
2858,2,0.9656,129,145,68
2860,4,0.6667,74,120,39
2861,3,0.9670,89,133,41
2862,5,0.9906,69,114,18
2863,2,0.9893,97,141,54
2864,12,0.8038,85,124,47
2865,4,0.6667,99,125,72
2866,4,0.6550,96,124,69
2867,2,0.0000,99,143,76
2869,2,0.9650,82,130,57
2870,3,0.9990,80,112,53
2871,3,0.4914,128,148,87
2872,3,0.9828,113,134,62
2873,3,0.4820,60,82,18
2875,26,0.9906,58,75,32
2876,5,0.7480,79,92,50
2877,4,0.9963,80,115,58
2878,8,0.9942,71,107,39
2880,51,0.9916,86,111,40
2881,12,0.9912,79,90,26
2882,14,0.9863,103,142,54
2883,5,0.9902,86,122,22
2884,5,0.9894,74,119,10
2886,4,0.9832,72,106,45
2887,2,0.9956,58,105,20
2888,6,0.9947,69,114,24
2889,3,0.9997,93,123,38
2890,2,1.0000,100,124,42
2891,3,0.5000,104,134,63
2892,5,0.9723,53,107,27
2893,14,0.9939,111,142,65
2894,6,0.9953,110,145,61
2897,4,0.6667,110,159,58
2898,20,0.9940,80,128,30
2899,6,0.9947,87,119,31
2900,2,1.0000,120,153,65
2903,45,0.9211,71,124,32
2904,3,0.9893,68,119,29
2905,4,1.0000,73,121,24
2906,12,0.8860,93,142,56
2907,2,1.0000,102,126,71
2908,3,0.5000,106,141,78
2911,21,0.9850,77,116,46
2913,2,1.0000,103,125,50
2914,4,0.9856,98,123,43
2915,26,0.9442,86,121,38
2916,3,0.5000,63,79,27
2919,2,1.0000,77,114,55
2920,2,0.9853,83,119,45
2921,2,0.9838,91,125,49
2922,9,0.7405,77,113,35
2923,2,0.9838,92,123,33
2924,3,1.0000,82,126,15
2925,3,0.9967,91,123,54
2926,3,1.0000,94,125,58
2927,2,1.0000,84,114,53
2928,4,0.9879,92,126,68
2929,6,0.9920,55,104,13
2930,6,0.7915,80,119,32
2931,3,0.9761,86,122,35
2932,4,1.0000,123,155,81
2934,5,0.7404,101,132,63
2935,5,0.7360,77,125,49
2937,15,0.9184,112,141,65
2938,4,0.6667,86,135,32
2940,20,0.9306,92,143,43
2941,69,0.9756,68,121,17
2942,3,1.0000,118,130,55
2943,3,0.5000,149,148,83
2944,3,1.0000,143,140,75
2946,4,0.9853,58,112,18
2947,25,0.9883,57,111,13
2948,2,0.9844,101,148,59
2950,5,0.7335,115,142,79
2952,6,0.5869,107,130,72
2953,2,1.0000,102,138,71
2954,3,0.0000,90,132,60
2955,2,1.0000,126,149,79
2956,4,0.6485,76,110,32
2958,3,0.5000,66,97,46
2959,2,1.0000,80,119,58
2960,2,1.0000,82,119,51
2961,5,0.7474,73,107,29
2963,4,0.9903,98,135,46
2964,12,0.9966,89,118,63
2965,9,0.9865,62,108,35
2966,33,0.9893,42,92,8
2967,2,0.9716,97,131,45
2968,4,1.0000,112,144,72
2969,5,0.9915,100,133,61
2970,2,1.0000,95,126,59
2972,4,0.9925,92,124,54
2973,3,0.9845,87,130,56
2974,2,1.0000,70,121,45
2975,8,0.9849,77,108,42
2976,18,0.9891,74,125,23
2977,3,0.9977,73,136,17
2978,3,0.9853,85,139,34
2979,2,1.0000,95,112,34
2980,2,0.9664,141,136,73
2982,19,0.9283,78,129,37
2983,3,0.9927,93,144,52
2984,2,1.0000,119,152,83
2985,4,0.6667,117,140,82
2986,4,0.3333,117,143,82
2987,2,1.0000,113,143,79
2989,9,0.9987,109,133,67
2990,2,0.9806,95,116,41
2991,3,1.0000,84,107,51
2992,2,1.0000,81,102,51
2994,3,1.0000,92,132,69
2996,4,0.9933,62,94,15
2997,66,0.9859,71,112,27
2998,8,0.8479,102,127,55
2999,5,0.9911,98,138,55
3000,13,0.9872,100,133,42
3001,2,0.9757,97,133,32
3002,7,0.9935,72,114,46
3003,99,0.9654,86,115,42
3004,4,0.9742,83,115,48
3005,2,1.0000,85,118,48
3006,6,1.0000,99,141,69
3007,2,1.0000,126,153,81
3008,9,0.9956,121,160,80
3009,2,1.0000,106,149,59
3011,2,0.9732,71,120,37
3012,3,0.9878,82,138,46
3013,2,0.9761,85,136,49
3016,3,1.0000,113,146,77
3017,2,1.0000,88,129,53
3020,2,0.0000,76,115,59
3021,4,0.3275,94,133,75
3022,3,0.5000,98,135,68
3023,4,0.3208,88,125,55
3024,12,0.9990,55,90,8
3025,3,0.4957,88,103,37
3026,11,0.9846,95,119,51
3027,2,0.9866,81,125,12
3028,2,1.0000,69,97,35
3029,2,0.9775,88,130,41
3030,2,1.0000,110,144,70
3031,5,0.9916,89,132,60
3034,3,0.5000,66,105,38
3035,3,1.0000,83,110,41
3036,4,0.9958,81,138,41
3037,20,0.8879,107,128,62
3039,3,0.0000,136,133,68
3046,5,0.7443,105,145,72
3049,3,0.5000,63,87,28
3050,3,1.0000,105,127,76
3052,3,0.5000,67,89,45
3053,2,0.0000,72,93,51
3054,2,0.9686,86,103,55
3056,3,1.0000,108,144,85
3059,2,0.9710,98,124,53
3061,6,0.9738,98,138,35
3062,72,0.9892,80,127,30
3063,6,0.9780,54,103,26
3064,12,0.8993,51,86,10
3065,12,0.9830,102,133,60
3066,2,0.0000,65,112,37
3068,3,0.9894,99,158,62
3070,2,0.9622,80,118,26
3071,3,0.4958,84,141,29
3072,0,0.0000,0,0,0
3073,2,0.9861,66,121,20
3075,25,0.9508,77,124,31
3076,15,0.9869,67,112,23
3077,4,0.3215,91,124,53
3079,2,0.9971,91,115,53
3080,3,0.9661,93,113,56
3081,10,1.0000,96,118,61
3084,8,0.8542,107,141,74
3086,2,0.0000,87,110,43
3088,15,0.9967,68,100,35
3093,14,0.9935,101,120,64
3094,2,0.9759,85,99,46
3095,3,1.0000,86,100,46
3096,2,1.0000,120,148,87
3097,7,1.0000,123,153,87
3100,3,1.0000,64,105,20
3101,3,0.9936,69,105,18
3103,3,0.4827,107,129,61
3105,2,0.9710,111,135,57
3106,3,0.9909,109,137,53
3108,2,0.9785,70,119,18
3109,3,0.5000,96,123,61
3113,3,1.0000,87,129,58
3114,6,0.9927,85,126,54
3116,4,0.3333,98,125,63
3117,3,1.0000,94,136,52
3118,36,0.9615,68,126,30
3119,27,0.9873,107,148,59
3120,4,1.0000,101,154,47
3122,2,1.0000,92,128,41
3123,16,0.9939,60,109,17
3125,4,0.6647,102,125,64
3126,3,0.5000,101,127,67
3127,4,0.9839,97,138,64
3128,11,0.8829,101,124,60
3129,3,1.0000,80,106,44
3130,4,0.3287,80,120,46
3131,4,0.3256,65,109,28
3132,5,1.0000,62,102,16
3133,2,0.0000,83,107,47
3134,3,1.0000,111,147,74
3137,4,0.9928,65,105,18
3138,5,0.7406,92,120,50
3139,2,0.9788,107,129,61
3140,2,0.9776,110,133,61
3141,16,0.9134,99,136,53
3143,4,0.9880,103,131,67
3144,2,0.9816,84,120,53
3145,3,0.4915,77,116,47
3146,2,0.0000,75,106,32
3147,8,0.9876,96,122,48
3148,3,0.9729,81,117,47
3149,7,1.0000,131,152,81
3150,3,1.0000,144,168,95
3151,4,1.0000,83,128,42
3152,32,0.9563,56,109,19
3156,33,0.9951,44,99,5
3159,3,0.4883,53,95,17
3161,7,0.9835,92,114,56
3162,2,1.0000,109,138,75
3163,2,1.0000,113,145,77
3164,6,0.8000,107,145,69
3166,8,0.9894,75,117,30
3167,2,0.9820,109,132,63
3168,10,0.8710,116,143,68
3169,8,0.9852,87,132,34
3171,8,1.0000,121,146,82
3172,4,0.6585,82,108,35
3173,4,0.6667,98,127,52
3176,40,0.9870,76,101,34
3177,2,1.0000,64,98,26
3179,6,0.7897,85,115,40
3180,2,0.9828,61,107,20
3181,4,0.9854,96,149,39
3182,2,0.0000,80,122,30
3183,40,0.9834,61,110,22
3184,5,0.9954,63,114,21
3185,3,0.9809,85,114,47
3186,5,0.9914,104,126,67
3189,4,0.9948,78,110,39
3190,3,1.0000,108,133,68
3192,2,0.0000,67,92,33
3193,10,0.8755,96,122,59
3194,3,0.5000,100,131,65
3195,4,0.6667,88,131,48
3196,16,0.9969,78,123,34
3197,3,0.5000,81,114,40
3198,3,1.0000,115,140,69
3199,2,1.0000,117,142,69
3201,2,0.9821,94,131,37
3202,2,1.0000,82,124,34
3203,8,0.8506,93,123,43
3204,3,1.0000,102,132,65
3205,2,0.9656,85,123,52
3206,13,0.9912,58,88,22
3207,4,0.9924,55,87,16
3208,4,0.9931,63,90,26
3211,19,0.9302,81,123,39
3212,30,0.9838,78,115,30
3213,2,0.0000,104,130,71
3214,17,0.9299,121,147,86
3215,8,1.0000,117,149,82
3218,13,0.9167,116,141,72
3219,7,0.9955,103,132,62
3220,5,0.9935,89,121,48
3224,4,0.9904,94,133,56
3225,3,0.9806,107,133,62
3226,24,0.9384,107,139,61
3227,2,0.9605,109,143,57
3228,4,1.0000,111,132,68
3231,4,0.9927,127,148,87
3233,3,0.5000,86,128,45
3235,3,1.0000,72,100,22
3236,3,1.0000,72,110,19
3237,6,0.9950,76,116,36
3238,4,0.9749,111,135,76
3239,2,0.0000,113,150,78
3240,8,1.0000,98,125,52
3242,2,0.9905,64,95,32
3243,2,0.0000,72,101,41
3246,3,1.0000,81,126,42
3249,4,1.0000,97,130,53
3251,11,0.8832,93,136,46
3252,59,0.9834,68,114,17
3254,2,0.9872,93,119,51
3255,3,1.0000,74,102,32
3256,3,0.5000,66,100,28
3257,2,1.0000,60,94,21
3259,4,0.9925,60,87,15
3261,5,0.0000,86,106,49
3263,2,0.0000,107,132,60
3265,17,0.9262,55,101,14
3266,2,0.0000,90,119,42
3267,6,0.9955,73,107,25
3271,2,1.0000,121,146,86
3272,6,0.7969,112,146,73
3273,7,0.9840,107,139,61
3274,3,1.0000,95,122,50
3275,4,0.9936,84,119,48
3276,5,0.7391,89,122,54
3277,6,0.9925,80,117,44
3278,12,0.9821,72,115,36
3279,4,0.6667,83,121,41
3280,3,1.0000,93,130,52
3281,3,1.0000,98,131,54
3283,5,0.9642,106,143,60
3284,2,0.9844,86,114,35
3285,3,0.5000,103,120,56
3286,13,0.9893,96,118,46
3287,7,0.9947,70,96,25
3289,0,0.0000,0,0,0
3290,7,0.6544,85,110,31
3291,2,0.9844,89,113,32
3292,8,0.9874,96,120,53
3294,3,0.0000,116,135,79
3295,6,0.7798,131,148,95
3296,4,0.3239,73,98,30
3297,3,0.4921,81,121,47
3298,8,0.9877,119,147,82
3299,4,0.6561,115,137,70
3300,6,0.9841,74,129,25
3303,3,0.4943,80,113,38
3304,4,0.3282,93,123,55
3307,7,0.9801,65,98,20
3309,32,0.9917,60,106,20
3310,2,0.9867,86,131,39
3311,3,0.9995,69,119,20
3312,8,0.9925,84,108,38
3313,3,0.9953,82,110,32
3314,2,1.0000,75,100,22
3315,33,0.9241,73,97,17
3318,2,1.0000,70,96,33
3319,10,0.9957,91,115,53
3320,3,1.0000,69,89,29
3324,2,1.0000,62,122,24
3325,2,0.9807,87,132,46
3326,2,1.0000,87,126,49
3327,4,0.9826,75,110,32
3328,3,0.9816,68,115,21
3329,2,1.0000,106,133,68
3330,5,1.0000,119,145,86
3332,13,0.9946,113,146,67
3333,5,1.0000,87,115,39
3334,12,0.8886,83,114,33
3335,3,0.9814,66,99,21
3336,4,1.0000,61,102,32
3337,2,0.9807,56,95,29
3339,22,0.9916,52,105,15
3340,6,0.9823,99,136,58
3341,3,0.9889,85,104,32
3342,3,0.9873,89,108,36
3343,6,0.9888,89,112,41
3344,5,1.0000,104,129,63
3349,5,0.9835,54,82,12
3352,4,0.9792,90,132,49
3353,5,0.9785,87,120,32
3354,2,1.0000,77,106,32
3355,2,0.9798,85,114,43
3357,2,0.9722,104,135,65
3359,2,0.9626,79,112,31
3360,5,1.0000,74,113,46
3361,3,0.9970,68,105,40
3362,3,0.4893,71,109,34
3363,7,1.0000,84,123,43
3368,4,0.6638,97,130,49
3369,2,0.9740,101,135,54
3370,3,0.9866,85,125,41
3371,3,0.9791,78,121,34
3372,3,0.9878,71,117,26
3373,6,0.9816,96,115,47
3374,6,0.9817,72,100,25
3375,6,1.0000,108,133,70
3376,2,0.0000,116,133,78
3377,5,0.9833,124,141,88
3378,1,0.0000,102,118,69
3379,8,0.9939,42,69,2
3382,1,0.0000,93,132,65
3383,4,0.9900,112,144,86
3385,3,0.4824,102,127,61
3386,1,0.0000,85,117,41
3387,4,0.9884,80,130,31
3388,6,0.9906,98,138,55
3389,2,0.9605,54,108,15
3390,6,0.9998,100,129,41
3391,2,1.0000,92,119,50
3392,2,1.0000,100,126,63
3393,2,0.9737,109,136,76
3394,3,0.5000,111,140,78
3395,5,0.9763,99,130,63
3396,2,1.0000,125,153,73
3397,2,0.9853,54,93,24
3398,2,1.0000,80,118,51
3399,6,1.0000,83,120,57
3400,2,1.0000,65,102,34
3401,2,1.0000,71,109,23
3402,3,0.5000,81,119,34
3403,3,0.5000,89,124,40
3404,2,1.0000,93,127,43
3405,7,0.9910,87,128,57
3406,2,0.9883,96,117,43
3407,6,1.0000,100,122,49
3408,2,1.0000,98,118,49
3409,6,1.0000,101,121,53
3411,1,0.0000,84,112,37
3412,7,0.9981,70,91,10
Sum,35305,0.7114
